{"name":"t:sections.footer.name","type":"footer","sections":{"footer":{"type":"footer","blocks":{"brand_information_QKQxNa":{"type":"brand_information","settings":{"show_social":true}},"text_eQwtpV":{"type":"text","settings":{"heading":"","subtext":""}},"link_list_VRbq8B":{"type":"link_list","settings":{"heading":"Policies","menu":"footer"}}},"block_order":["brand_information_QKQxNa","text_eQwtpV","link_list_VRbq8B"],"settings":{"color_scheme":"background-1","newsletter_enable":false,"newsletter_heading":"STAY UP TO DATE","enable_follow_on_shop":false,"show_social":false,"enable_country_selector":true,"enable_language_selector":true,"payment_enable":true,"show_policy":false,"margin_top":0,"padding_top":36,"padding_bottom":20}}},"order":["footer"]}