{"name":"t:sections.header.name","type":"header","sections":{"announcement_bar_4jGnER":{"type":"announcement-bar","blocks":{"announcement_7tmUVe":{"type":"announcement","settings":{"text":"FREE SHIPPING FOR ALL US ORDERS OVER $50","link":""}}},"block_order":["announcement_7tmUVe"],"settings":{"color_scheme":"accent-1","show_line_separator":true,"show_social":false,"auto_rotate":false,"change_slides_speed":5,"enable_country_selector":false,"enable_language_selector":false}},"header":{"type":"header","settings":{"logo_position":"top-center","menu":"main-menu","menu_type_desktop":"dropdown","sticky_header_type":"always","show_line_separator":true,"color_scheme":"background-1","menu_color_scheme":"background-2","enable_country_selector":true,"enable_language_selector":true,"mobile_logo_position":"center","margin_bottom":0,"padding_top":0,"padding_bottom":4}}},"order":["announcement_bar_4jGnER","header"]}