{"sections":{"banner":{"type":"main-collection-banner","disabled":true,"settings":{"show_collection_description":false,"show_collection_image":false,"color_scheme":"background-1"}},"product-grid":{"type":"main-collection-product-grid","disabled":true,"settings":{"products_per_page":12,"columns_desktop":4,"color_scheme":"background-1","image_ratio":"square","image_shape":"default","show_secondary_image":true,"show_vendor":true,"show_rating":false,"enable_quick_add":false,"enable_filtering":false,"filter_type":"horizontal","enable_sorting":false,"columns_mobile":"2","padding_top":36,"padding_bottom":36}},"newsletter_4fBDqH":{"type":"newsletter","blocks":{"heading_Mdk4gj":{"type":"heading","settings":{"heading":"COMING SOON","heading_size":"h2"}},"paragraph_Xpe7qL":{"type":"paragraph","settings":{"text":""}},"email_form_gHWHbL":{"type":"email_form","settings":{}}},"block_order":["heading_Mdk4gj","paragraph_Xpe7qL","email_form_gHWHbL"],"settings":{"color_scheme":"","full_width":true,"padding_top":40,"padding_bottom":52}}},"order":["banner","product-grid","newsletter_4fBDqH"]}