{"sections":{"image_banner":{"type":"image-banner","blocks":{"button":{"type":"buttons","settings":{"button_label_1":"SHOP MENS","button_link_1":"shopify:\/\/collections\/clothing","button_style_secondary_1":false,"button_label_2":"SHOP NUTRITION","button_link_2":"shopify:\/\/collections\/supplements","button_style_secondary_2":false}}},"block_order":["button"],"settings":{"image":"shopify:\/\/shop_images\/Home3.jpg","image_2":"shopify:\/\/shop_images\/DSC05955.jpg","image_overlay_opacity":0,"image_height":"large","desktop_content_position":"bottom-left","show_text_box":false,"desktop_content_alignment":"left","color_scheme":"inverse","image_behavior":"none","mobile_content_alignment":"left","stack_images_on_mobile":false,"show_text_below":false}},"collection_list_dkaapa":{"type":"collection-list","blocks":{"featured_collection_tbqfdJ":{"type":"featured_collection","settings":{"collection":"clothing"}},"featured_collection_GpbQED":{"type":"featured_collection","settings":{"collection":"supplements"}}},"block_order":["featured_collection_tbqfdJ","featured_collection_GpbQED"],"disabled":true,"settings":{"title":"","heading_size":"h1","image_ratio":"square","columns_desktop":2,"color_scheme":"background-1","show_view_all":false,"columns_mobile":"1","swipe_on_mobile":false,"padding_top":4,"padding_bottom":4}},"image_banner_En6xMA":{"type":"image-banner","blocks":{"heading_BEwQgy":{"type":"heading","settings":{"heading":"MEN ALL","heading_size":"h1"}},"buttons_Xh8ftb":{"type":"buttons","settings":{"button_label_1":"SEE ALL","button_link_1":"shopify:\/\/collections\/clothing","button_style_secondary_1":false,"button_label_2":"","button_link_2":"","button_style_secondary_2":false}}},"block_order":["heading_BEwQgy","buttons_Xh8ftb"],"settings":{"image":"shopify:\/\/shop_images\/DSC06105.jpg","image_2":"shopify:\/\/shop_images\/DSC06105.jpg","image_overlay_opacity":10,"image_height":"medium","desktop_content_position":"bottom-right","show_text_box":false,"desktop_content_alignment":"right","color_scheme":"inverse","image_behavior":"none","mobile_content_alignment":"right","stack_images_on_mobile":true,"show_text_below":false}},"featured_collection":{"type":"featured-collection","settings":{"title":"","heading_size":"h2","description":"","show_description":false,"description_style":"body","collection":"clothing","products_to_show":2,"columns_desktop":4,"full_width":true,"show_view_all":false,"view_all_style":"solid","enable_desktop_slider":false,"color_scheme":"background-1","image_ratio":"square","image_shape":"default","show_secondary_image":true,"show_vendor":true,"show_rating":false,"enable_quick_add":false,"columns_mobile":"2","swipe_on_mobile":false,"padding_top":0,"padding_bottom":0}},"image_banner_hJU6gF":{"type":"image-banner","blocks":{"heading_N6ddmz":{"type":"heading","settings":{"heading":"NUTRITION","heading_size":"h1"}},"buttons_DhCgdz":{"type":"buttons","settings":{"button_label_1":"SEE ALL","button_link_1":"shopify:\/\/collections\/supplements","button_style_secondary_1":false,"button_label_2":"","button_link_2":"","button_style_secondary_2":false}}},"block_order":["heading_N6ddmz","buttons_DhCgdz"],"disabled":true,"settings":{"image":"shopify:\/\/shop_images\/Render_Mockup_3840_2160_2024-10-03_3.jpg","image_2":"shopify:\/\/shop_images\/Render_Mockup_3840_2160_2024-10-03_3_6d10c848-6b10-4938-b9f4-c413a8a4559f.jpg","image_overlay_opacity":10,"image_height":"medium","desktop_content_position":"bottom-right","show_text_box":false,"desktop_content_alignment":"right","color_scheme":"inverse","image_behavior":"none","mobile_content_alignment":"left","stack_images_on_mobile":false,"show_text_below":false}},"featured_collection_bBXHeD":{"type":"featured-collection","disabled":true,"custom_css":[],"settings":{"title":"","heading_size":"h1","description":"","show_description":false,"description_style":"body","collection":"supplements","products_to_show":2,"columns_desktop":4,"full_width":true,"show_view_all":true,"view_all_style":"solid","enable_desktop_slider":false,"color_scheme":"background-1","image_ratio":"square","image_shape":"default","show_secondary_image":false,"show_vendor":true,"show_rating":false,"enable_quick_add":false,"columns_mobile":"2","swipe_on_mobile":false,"padding_top":0,"padding_bottom":0}}},"order":["image_banner","collection_list_dkaapa","image_banner_En6xMA","featured_collection","image_banner_hJU6gF","featured_collection_bBXHeD"]}