{"sections":{"main":{"type":"main-page","settings":{"padding_top":28,"padding_bottom":28}},"newsletter_CkL7Af":{"type":"newsletter","blocks":{"paragraph_WMNtMQ":{"type":"paragraph","settings":{"text":"<p>Be the first to know about new collections and exclusive offers.<\/p>"}},"email_form_WfNHMz":{"type":"email_form","settings":{}}},"block_order":["paragraph_WMNtMQ","email_form_WfNHMz"],"settings":{"color_scheme":"","full_width":true,"padding_top":40,"padding_bottom":52}}},"order":["main","newsletter_CkL7Af"]}