{"layout":"password","sections":{"main":{"type":"email-signup-banner","blocks":{"heading":{"type":"heading","settings":{"heading":"Opening soon","heading_size":"h1"}},"email_form":{"type":"email_form","settings":{}}},"block_order":["heading","email_form"],"settings":{"image":"shopify:\/\/shop_images\/Home3.jpg","image_overlay_opacity":10,"show_background_image":true,"image_height":"medium","desktop_content_position":"middle-center","show_text_box":true,"desktop_content_alignment":"center","color_scheme":"background-1","mobile_content_alignment":"center","show_text_below":true}}},"order":["main"]}