{"sections":{"main":{"type":"main-product","blocks":{"title":{"type":"title","settings":{}},"price":{"type":"price","settings":{}},"variant_picker":{"type":"variant_picker","settings":{"picker_type":"button"}},"quantity_selector":{"type":"quantity_selector","settings":{}},"buy_buttons":{"type":"buy_buttons","settings":{"show_dynamic_checkout":true,"show_gift_card_recipient":true}},"description":{"type":"description","settings":{}},"collapsible_tab_94FJQM":{"type":"collapsible_tab","settings":{"heading":"Our Purpose","icon":"none","content":"<p>Ever had to pack your protein in a ziplock bag?<\/p><p>When traveling - whether locally, domestically, or internationally - it's clear that convenient protein options are lacking in the market. Carrying a bulky tub or bag of protein isn't practical, so many of us resort to packing our powders into plastic bags. We understand how frustrating this can be, especially when TSA stops you or when that bag ruptures in your suitcase. <\/p><p>While there are plenty of ready-to-drink protein shakes available, they often need to be checked in for flights, and many of them contain questionable preservatives. <\/p><p>INSATIATE's travel packs offer a healthy and convenient alternative during times like this, ensuring you can maintain your nutrition wherever life takes you. <\/p>","page":""}}},"block_order":["title","price","variant_picker","quantity_selector","buy_buttons","description","collapsible_tab_94FJQM"],"settings":{"enable_sticky_info":true,"color_scheme":"background-1","media_size":"medium","constrain_to_viewport":true,"media_fit":"contain","gallery_layout":"stacked","media_position":"left","image_zoom":"lightbox","mobile_thumbnails":"hide","hide_variants":true,"enable_video_looping":false,"padding_top":36,"padding_bottom":12}},"related-products":{"type":"related-products","settings":{"heading":"You may also like","heading_size":"h2","products_to_show":4,"columns_desktop":4,"color_scheme":"background-1","image_ratio":"square","image_shape":"default","show_secondary_image":true,"show_vendor":true,"show_rating":false,"columns_mobile":"2","padding_top":36,"padding_bottom":28}}},"order":["main","related-products"]}